Organization,Followed On
Thred Media,Mon Oct 09 15:02:37 UTC 2023
Roamr,Fri Sep 15 15:11:33 UTC 2023
Futureforce: Salesforce University Recruiting,Thu Sep 14 19:38:35 UTC 2023
RTX,Tue Sep 12 18:16:22 UTC 2023
Venturous,Mon Sep 11 17:57:57 UTC 2023
Acadian Capital Ventures,Thu Sep 07 21:16:46 UTC 2023
Catalyst XL,Wed Sep 06 22:23:40 UTC 2023
Kiki.nyc,Tue Aug 29 03:45:37 UTC 2023
storyarb,Thu Aug 24 17:56:24 UTC 2023
Secta Labs,Thu Aug 24 15:55:36 UTC 2023
REACH,Thu Aug 24 03:54:33 UTC 2023
Re-Defined,Mon Aug 21 01:03:01 UTC 2023
Browse AI,Sat Aug 19 16:16:27 UTC 2023
Product Life,Sun Aug 13 22:47:43 UTC 2023
iykyk.careers,Sun Aug 13 16:02:11 UTC 2023
Aviato,Thu Aug 10 19:33:32 UTC 2023
Startery,Thu Aug 10 17:59:52 UTC 2023
Youth Founders Network,Wed Aug 09 14:07:39 UTC 2023
Nevada Career Studio,Wed Aug 09 14:04:25 UTC 2023
WayUp,Fri Aug 04 16:21:49 UTC 2023
Shield,Fri Aug 04 16:00:06 UTC 2023
LineLeap,Wed Jul 26 18:07:19 UTC 2023
beehiiv,Sat Jul 22 01:28:52 UTC 2023
On Deck,Mon Jul 17 05:37:38 UTC 2023
Z Fellows,Mon Jul 17 05:37:35 UTC 2023
Atmosfy,Mon Jul 17 04:54:03 UTC 2023
Deep Ventures,Thu Jul 13 04:03:31 UTC 2023
VentureStarters.com,Thu Jul 13 04:03:24 UTC 2023
Lever,Tue Jul 11 16:38:24 UTC 2023
Simplify,Tue Jul 11 16:38:21 UTC 2023
Threadsapp,Thu Jul 06 22:54:35 UTC 2023
Kendra Scott,Mon Jul 03 23:26:46 UTC 2023
"Foothill Partners, Incorporated",Thu Jun 29 04:42:10 UTC 2023
Gusto,Wed Jun 28 17:06:38 UTC 2023
Versatile Venture Capital,Thu Jun 15 20:46:13 UTC 2023
Atlassian,Sun Jun 11 17:36:08 UTC 2023
Harvard Business Review,Sun Jun 11 17:36:06 UTC 2023
Oliver Wyman,Fri Jun 09 03:52:59 UTC 2023
Next Shift Learning,Mon Jun 05 19:44:17 UTC 2023
That LinkedIn Girl,Wed May 31 05:52:08 UTC 2023
Reel.fyi,Sat May 27 12:08:28 UTC 2023
Restaurent,Thu May 18 03:17:55 UTC 2023
FoundersCard,Wed May 10 00:02:02 UTC 2023
Primary Venture Partners,Thu May 04 01:57:09 UTC 2023
Girls Who Consult,Thu Apr 27 20:48:32 UTC 2023
Girls Into VC,Thu Apr 27 20:48:30 UTC 2023
Papyrus,Thu Apr 27 19:14:50 UTC 2023
PMReady Global,Thu Apr 27 19:12:04 UTC 2023
Underscore VC,Tue Apr 25 02:31:41 UTC 2023
Mitlin Money MindsetÂ®,Sun Apr 23 23:57:33 UTC 2023
topmate.io,Fri Apr 21 05:12:22 UTC 2023
Nevada Governor's Office of Economic Development (GOED),Thu Apr 20 14:57:28 UTC 2023
NCWIT - Nevada Affiliate,Tue Apr 18 19:09:33 UTC 2023
Soma Capital,Tue Apr 18 01:40:21 UTC 2023
Goodwater,Tue Apr 18 01:40:16 UTC 2023
Laylo,Mon Apr 17 22:37:28 UTC 2023
LassWho,Sun Apr 16 15:29:58 UTC 2023
Teen Vogue,Wed Apr 12 16:05:55 UTC 2023
Voices of Gen-Z,Wed Apr 12 16:05:53 UTC 2023
GIRLS'â€‹ LIFE magazine,Wed Apr 12 16:05:52 UTC 2023
Our Era Media ,Wed Apr 12 16:04:19 UTC 2023
myNetworkHer,Tue Apr 11 23:54:26 UTC 2023
Gen She,Tue Apr 11 19:50:26 UTC 2023
Imagen Insights,Tue Apr 11 19:28:42 UTC 2023
GenZScouts,Sat Apr 08 22:03:14 UTC 2023
Studocu | Studeersnel.nl,Thu Apr 06 17:50:23 UTC 2023
Avanade North America,Wed Apr 05 04:56:52 UTC 2023
Corporate Bro,Tue Apr 04 19:41:34 UTC 2023
Retrato,Mon Apr 03 02:42:33 UTC 2023
Danielle Farage LLC,Wed Mar 29 17:15:47 UTC 2023
Tome,Fri Mar 24 12:55:47 UTC 2023
Lesbians Who Tech & Allies :: Queer. Inclusive. Badass.,Thu Mar 23 03:20:09 UTC 2023
Taro (YC S22),Sun Mar 19 19:02:35 UTC 2023
Insider,Sun Mar 19 17:24:49 UTC 2023
Fontainebleau Las Vegas,Fri Mar 17 16:29:06 UTC 2023
Bain Capital Ventures,Fri Mar 17 01:51:01 UTC 2023
Girl Genius,Thu Mar 16 22:34:15 UTC 2023
Girls Inc.,Thu Mar 16 22:34:10 UTC 2023
Rewriting the Code,Thu Mar 16 22:33:46 UTC 2023
BUILT BY GIRLS,Thu Mar 16 22:33:42 UTC 2023
Cake Ventures,Wed Mar 15 16:48:38 UTC 2023
LiveLink,Mon Mar 13 01:50:44 UTC 2023
Search Engine Optimization (SEO),Mon Mar 13 01:35:38 UTC 2023
Front-end Development,Mon Mar 13 01:21:16 UTC 2023
IT Service Management,Mon Mar 13 01:10:56 UTC 2023
Product Management,Mon Mar 13 01:08:06 UTC 2023
Competitive Analysis,Mon Mar 13 00:38:14 UTC 2023
Forbes,Sat Mar 11 23:52:05 UTC 2023
Product Analysis,Fri Mar 10 19:29:39 UTC 2023
Canopy | Techstars '23 ,Thu Mar 09 19:34:58 UTC 2023
Leadership,Wed Mar 08 01:04:15 UTC 2023
Personal Development,Wed Mar 08 01:04:10 UTC 2023
Marketing,Wed Mar 08 01:04:07 UTC 2023
Social Media Marketing,Wed Mar 08 01:04:03 UTC 2023
Writing,Wed Mar 08 01:03:54 UTC 2023
Entrepreneurship,Wed Mar 08 01:03:49 UTC 2023
Creator Economy,Wed Mar 08 01:03:43 UTC 2023
The Final Round,Tue Mar 07 19:23:33 UTC 2023
OpenAI,Sun Mar 05 16:33:55 UTC 2023
Resume Worded,Fri Mar 03 23:03:29 UTC 2023
SeriaVedel,Fri Mar 03 04:21:39 UTC 2023
tbh,Fri Mar 03 04:17:38 UTC 2023
Disney Cruise Line,Thu Mar 02 03:13:56 UTC 2023
Disney Streaming,Thu Mar 02 03:13:51 UTC 2023
Disney Media & Entertainment Distribution,Thu Mar 02 03:13:48 UTC 2023
Pixar Animation Studios,Thu Mar 02 03:13:45 UTC 2023
The Walt Disney Studios,Thu Mar 02 03:13:44 UTC 2023
Pangea,Wed Mar 01 16:43:26 UTC 2023
Design Buddies,Thu Feb 23 00:03:56 UTC 2023
Startup for Startup,Wed Feb 22 16:21:11 UTC 2023
Y Combinator,Wed Feb 22 13:46:21 UTC 2023
Soho House & Co,Wed Feb 22 03:24:56 UTC 2023
WIN: Women in Innovation,Sun Feb 19 16:13:54 UTC 2023
Harvard WECode: Women Engineers Code Conference,Sat Feb 18 16:26:03 UTC 2023
Asian Hustle Network,Tue Feb 07 23:51:27 UTC 2023
Stealth Startup,Thu Feb 02 23:08:27 UTC 2023
App Inventor Foundation,Thu Jan 26 02:48:28 UTC 2023
IDEA Fund Partners,Wed Jan 25 23:07:55 UTC 2023
Whalar,Wed Jan 25 22:04:42 UTC 2023
Layoffs.fyi,Tue Jan 24 16:24:34 UTC 2023
Founder Collective,Sat Jan 14 01:10:01 UTC 2023
"Law Lynx, Inc.",Sun Jan 08 14:49:47 UTC 2023
Caffe Genius,Sat Jan 07 13:10:58 UTC 2023
LinkedIn Life,Fri Jan 06 03:19:11 UTC 2023
Hirect App,Thu Jan 05 02:51:49 UTC 2023
Clara For Creators,Thu Jan 05 02:51:44 UTC 2023
Girls Who Invest,Wed Jan 04 17:57:43 UTC 2023
Gen Z VCs,Thu Dec 29 01:05:41 UTC 2022
Product Faculty,Tue Dec 27 00:02:39 UTC 2022
CafÃ©,Sun Dec 25 15:35:06 UTC 2022
Scribe,Sun Dec 25 00:20:50 UTC 2022
The Miss America Opportunity,Tue Dec 20 06:15:39 UTC 2022
S3 Ventures,Fri Dec 16 22:15:09 UTC 2022
Capital Factory,Fri Dec 16 22:15:06 UTC 2022
Venture Forward,Thu Dec 15 10:01:35 UTC 2022
PitchBook,Thu Dec 15 10:01:33 UTC 2022
National Venture Capital Association,Thu Dec 15 10:01:23 UTC 2022
Paramount,Wed Dec 14 20:44:22 UTC 2022
Product School,Sun Dec 11 04:36:07 UTC 2022
Creobase,Thu Dec 08 23:33:24 UTC 2022
ThoughtSpot,Tue Dec 06 17:09:47 UTC 2022
LinkedIn for Creators,Tue Dec 06 03:56:47 UTC 2022
StartUpNV,Thu Dec 01 21:15:01 UTC 2022
creatorpad,Tue Nov 22 16:24:14 UTC 2022
BigHand,Thu Nov 17 22:40:18 UTC 2022
Pear VC,Thu Nov 10 22:35:38 UTC 2022
Kale,Thu Nov 10 22:35:32 UTC 2022
Faktorama Inc.,Thu Nov 10 00:56:12 UTC 2022
Makini,Mon Oct 31 21:44:41 UTC 2022
Product Buds,Mon Oct 31 20:49:28 UTC 2022
Levels.fyi,Mon Oct 24 13:26:49 UTC 2022
Jasper,Sun Oct 23 21:20:24 UTC 2022
Oracle,Sun Oct 23 01:09:11 UTC 2022
bobaface,Sat Oct 22 14:04:25 UTC 2022
BobaTalks,Fri Oct 21 20:01:31 UTC 2022
Surmount AI (Techstars '22),Sun Oct 09 16:45:06 UTC 2022
The Wall Street Journal,Sat Oct 08 05:15:58 UTC 2022
500 Global,Sat Sep 24 22:19:57 UTC 2022
Techstars,Sat Sep 24 22:19:56 UTC 2022
Reno Tahoe Young Professionals Network,Fri Sep 23 17:33:23 UTC 2022
Matillion,Thu Sep 22 00:25:36 UTC 2022
Georgia Tech Theme Park Engineering and Design,Thu Sep 15 05:34:04 UTC 2022
The Saturday Solopreneur,Wed Sep 14 07:59:34 UTC 2022
HubSpot,Mon Aug 15 20:55:31 UTC 2022
FranShares,Sat Aug 06 14:14:51 UTC 2022
Fitz Signs & Murals,Sat Aug 06 14:14:43 UTC 2022
Chief,Thu Jun 30 21:04:07 UTC 2022
Deloitte,Wed Jun 15 20:44:02 UTC 2022
Accenture,Wed Jun 15 20:44:01 UTC 2022
StartUp Vegas,Fri Jun 10 22:43:46 UTC 2022
LinkedIn News,Tue Jun 07 14:34:27 UTC 2022
Innovate for Vegas Foundation,Wed Jun 01 14:02:48 UTC 2022
Women In Product,Thu May 26 20:15:06 UTC 2022
Get Hired by LinkedIn News,Tue May 24 14:47:18 UTC 2022
Notion,Tue May 24 04:05:25 UTC 2022
Airtable,Tue May 24 04:05:25 UTC 2022
The Unicorn Recruiter ðŸ¦„,Sun May 15 14:59:28 UTC 2022
GalenaHill,Fri May 13 21:52:33 UTC 2022
Infinity Software,Tue Apr 19 21:16:28 UTC 2022
Contrary,Thu Apr 14 02:30:41 UTC 2022
Envision Accelerator,Wed Mar 30 02:21:21 UTC 2022
hellohive,Tue Mar 29 22:36:13 UTC 2022
LinkedIn Guide to Networking,Sat Feb 26 19:45:06 UTC 2022
Tech Alley,Sat Feb 12 22:35:41 UTC 2022
BoardPackager,Thu Feb 03 04:36:45 UTC 2022
"Apollo K. Tillman, Realty One Group S. 0184136",Fri Nov 19 17:55:13 UTC 2021
"Disney Parks, Experiences and Products",Sun Nov 07 21:59:59 UTC 2021
SoftwareKeep,Tue Aug 17 21:59:20 UTC 2021
SAP,Mon Apr 12 03:45:32 UTC 2021
Ense,Fri Mar 12 21:25:59 UTC 2021
Virtru,Thu Mar 04 05:45:24 UTC 2021
Scholarship Track,Wed Jan 13 05:43:58 UTC 2021
Ridgeline,Mon Nov 16 22:30:16 UTC 2020
Intuit,Mon Nov 16 22:30:08 UTC 2020
MessageDesk,Mon Nov 16 22:29:59 UTC 2020
Toptal,Tue Aug 18 17:14:40 UTC 2020
How I Built This with Guy Raz,Wed Aug 05 20:06:01 UTC 2020
Miss California,Wed Aug 05 14:40:35 UTC 2020
YouTube,Thu Jul 30 05:59:19 UTC 2020
monday.com,Thu Jul 30 05:59:11 UTC 2020
PeoplePerHour,Thu Jul 30 05:59:09 UTC 2020
Wix,Thu Jul 30 05:59:00 UTC 2020
Freelancer.com,Thu Jul 30 05:58:59 UTC 2020
Upwork,Thu Jul 30 05:58:57 UTC 2020
Fiverr,Thu Jul 30 05:58:55 UTC 2020
eBay,Thu Jul 30 05:57:49 UTC 2020
TikTok,Thu Jul 30 05:57:47 UTC 2020
LinkedIn,Thu Jul 30 05:57:46 UTC 2020
Square,Thu Jul 30 05:57:45 UTC 2020
Shopify,Thu Jul 30 05:57:44 UTC 2020
Squarespace,Thu Jul 30 05:57:33 UTC 2020
Pinterest,Thu Jul 30 05:57:30 UTC 2020
Etsy,Thu Jul 30 05:57:29 UTC 2020
IBM,Thu Jul 30 05:57:21 UTC 2020
Intel Corporation,Thu Jul 30 05:57:19 UTC 2020
Goldman Sachs,Thu Jul 30 05:56:56 UTC 2020
Microsoft,Thu Jul 30 05:56:52 UTC 2020
NBCUniversal,Thu Jul 30 05:56:50 UTC 2020
Cisco,Thu Jul 30 05:56:48 UTC 2020
Netflix,Thu Jul 30 05:56:48 UTC 2020
AT&T,Thu Jul 30 05:56:46 UTC 2020
Apple,Thu Jul 30 05:56:46 UTC 2020
The Walt Disney Company,Thu Jul 30 05:56:39 UTC 2020
Verizon,Thu Jul 30 05:56:38 UTC 2020
Comcast,Thu Jul 30 05:56:35 UTC 2020
Airbnb,Thu Jul 30 05:56:29 UTC 2020
Salesforce,Thu Jul 30 05:56:21 UTC 2020
AnitaB.org,Sat Sep 19 03:52:59 UTC 2020
Women Techmakers Hyderabad,Thu Jul 30 05:55:35 UTC 2020
Anita Borg Institute for Women and Technology,Thu Jul 30 05:55:34 UTC 2020
Women in Technology,Thu Jul 30 05:55:30 UTC 2020
Girl Develop It,Thu Jul 30 05:55:29 UTC 2020
Women In Tech,Thu Jul 30 05:55:27 UTC 2020
Women in Tech Leadership,Thu Jul 30 05:55:25 UTC 2020
Code First Girls,Thu Jul 30 05:55:24 UTC 2020
WomenTech Network,Thu Jul 30 05:55:23 UTC 2020
WOMEN IN TECHÂ®- Global Movement,Thu Jul 30 05:55:20 UTC 2020
Tech LadiesÂ®,Thu Jul 30 05:55:12 UTC 2020
"Girls in Tech, Inc.",Thu Jul 30 05:55:10 UTC 2020
Women Who Code,Thu Jul 30 05:55:08 UTC 2020
Society Of Women Coders,Thu Jul 30 05:55:00 UTC 2020
Women In Technology (WIT),Thu Jul 30 05:54:53 UTC 2020
Society of Women Engineers,Thu Jul 30 05:54:51 UTC 2020
Slack,Wed Jul 29 15:28:15 UTC 2020
Kode With Klossy,Wed Jul 29 05:47:41 UTC 2020
Walt Disney Imagineering,Mon Jul 06 22:21:43 UTC 2020
"Ruby Seven Studios, Inc.",Mon Jul 06 16:52:50 UTC 2020
IGT Gaming,Thu Jun 04 23:15:26 UTC 2020
Big Brothers Big Sisters of Northern Sierra,Tue May 26 05:32:30 UTC 2020
"University of Nevada, Reno",Wed May 20 15:19:22 UTC 2020
Program yoUr Futureâ„¢,Mon Aug 12 01:12:34 UTC 2019
Amazon,Fri Aug 09 18:25:35 UTC 2019
Girls Who Code,Fri Aug 09 18:12:52 UTC 2019
Vida Health,Thu Jul 25 22:19:27 UTC 2019
DXC Technology,Fri Jul 19 20:00:43 UTC 2019
Adobe,Fri Jul 19 19:55:46 UTC 2019
Google,Fri Jul 19 19:55:39 UTC 2019
Instagram,Fri Jul 19 19:55:33 UTC 2019
Meta,Fri Jul 19 19:55:24 UTC 2019
Twitter,Fri Jul 19 19:55:17 UTC 2019
Cloudflare,Fri Jul 19 19:55:09 UTC 2019
Ubiquity6 Inc. (acquired by Discord),Fri Jul 19 19:55:02 UTC 2019
GitHub,Fri Jul 19 19:54:54 UTC 2019
Folsom Lake College,Fri Jul 19 19:51:21 UTC 2019