Name,Number
Calculus I,Fall 2018
English Composition I,Spring 2019
American Sign Language I,Spring 2019
Calculus II,Fall 2019
Concepts in Personal Finance,Spring 2020
Calculus III,Fall 2020
English Composition II,Fall 2020
Computer Science I,Fall 2020
Introduction to Engineering Design,Fall 2020
Dance Appreciation,Fall 2020
Linear Algebra,Spring 2021
Physics I for Scientists and Engineers,Spring 2021
Computer Science II,Spring 2021
Digital Design,Spring 2021
Marketing Principles,Spring 2021
Fundamentals of Accounting,Fall 2021
Computer Organization,Fall 2021
American Experience & Constitutional Change,Fall 2021
Principles of Microeconomics,Fall 2021
Physics II for Scientists & Engineers,Fall 2021
Ancient & Medieval Cultures,Spring 2022
Data Structures,Spring 2022
Discrete Mathemetics,Spring 2022
Circuits I,Spring 2022
New Venture Creation,Spring 2022
