Saved Date,Job Url,Job Title,Company Name
"12/11/22, 2:18 PM",http://www.linkedin.com/jobs/view/3367665638,"(USA) 2023 Summer Intern: Product Management, Data Ventures",Walmart Luminate
"2/8/23, 4:17 PM",http://www.linkedin.com/jobs/view/3395664224,"Associate Product Manager, 2023 U.S. Summer Intern",Atlassian
"6/3/23, 6:39 AM",http://www.linkedin.com/jobs/view/3614960655,Local Stations Internships – Academic Year,NBCUniversal
"2/16/23, 10:09 PM",http://www.linkedin.com/jobs/view/3486591316,"Intern, Product Management",Blue River Technology
"2/18/23, 1:47 PM",http://www.linkedin.com/jobs/view/3483563897,Creative Strategy Intern,dentsu
"1/24/23, 10:12 PM",http://www.linkedin.com/jobs/view/3452450431,Junior B2B Investor,Headline
"2/12/23, 2:12 PM",http://www.linkedin.com/jobs/view/3473279026,"Atmosfy, Product Management Intern - Application via WayUp",Atmosfy
"1/23/23, 9:05 PM",http://www.linkedin.com/jobs/view/3391791611,"Growth Marketing, Intern",Duolingo
"11/23/22, 12:20 PM",http://www.linkedin.com/jobs/view/3370331853,"2023 Summer Internship - Intern, Product Manager",Samsung Electronics America
"2/5/23, 11:06 AM",http://www.linkedin.com/jobs/view/3453998934,Product Partnerships & Development Internships - Summer 2023,NBCUniversal
"2/23/23, 5:23 PM",http://www.linkedin.com/jobs/view/3377271848,"(USA) 2023 Summer Intern: Product Management, Data Ventures",Walmart Luminate
"5/28/23, 11:32 AM",http://www.linkedin.com/jobs/view/3619766007,Product Management Intern,Atmosfy
"4/28/23, 8:22 AM",http://www.linkedin.com/jobs/view/3588829761,Social Media Intern,Atmosfy
"2/5/23, 11:07 AM",http://www.linkedin.com/jobs/view/3463878647,2023 Summer Internship Program,Golden State Warriors
"11/19/22, 1:43 PM",http://www.linkedin.com/jobs/view/3367679989,"(USA) 2023 Summer Intern: Product Management, Data Ventures",Walmart Luminate
"2/8/23, 4:13 PM",http://www.linkedin.com/jobs/view/3453793468,2023 Intern - Product Manager,Adobe
"2/8/23, 1:30 PM",http://www.linkedin.com/jobs/view/3462569346,"2023 Summer Internship - Intern, Product Manager",Samsung Electronics America
"6/1/23, 7:31 PM",http://www.linkedin.com/jobs/view/3622251488,"WDI Project Management Intern, Fall 2023",Walt Disney Imagineering
"1/30/23, 3:30 PM",http://www.linkedin.com/jobs/view/3395154792,Business Processes Consulting Intern - Summer 2024,PwC
"6/1/23, 7:36 PM",http://www.linkedin.com/jobs/view/3624071802,"Spring 2024 Guidance, Navigation & Controls Intern - Undergraduate",BLUE ORIGIN
"11/18/22, 3:07 PM",http://www.linkedin.com/jobs/view/3296648185,Project Specialist (Intern) United States,Cisco
"12/24/22, 7:58 AM",http://www.linkedin.com/jobs/view/3405696820,Product Manager Intern,Oracle
"5/2/23, 1:46 PM",http://www.linkedin.com/jobs/view/3590184359,Summer 2023 - Product Management Intern - 90305303 - Washington,Amtrak
"11/12/22, 2:18 PM",http://www.linkedin.com/jobs/view/3356550187,Product Manager,Austin Fraser
"5/2/23, 8:39 PM",http://www.linkedin.com/jobs/view/3594011029,Logistics Project Management Intern,Wish
"2/23/23, 2:21 PM",http://www.linkedin.com/jobs/view/3490302101,Product Management Intern: Summer 2023,CommScope
"3/1/23, 11:23 AM",http://www.linkedin.com/jobs/view/3505698071,Data Product Strategy Intern,MyDataProduct
"3/1/23, 7:12 PM",http://www.linkedin.com/jobs/view/3485969079,"University, General Management Consultant Intern",Booz Allen Hamilton
"6/1/23, 7:29 PM",http://www.linkedin.com/jobs/view/3502425266,Influencer Manager Intern,Atmosfy
"6/1/23, 7:34 PM",http://www.linkedin.com/jobs/view/3623467231,Talent Acquisition Intern - Technology,Guidepoint
"12/2/22, 8:19 AM",http://www.linkedin.com/jobs/view/3378475489,"2023 Summer Internship - Intern, Product Manager",Samsung Electronics America
"5/24/23, 8:44 PM",http://www.linkedin.com/jobs/view/3588828749,Product Management Intern,Atmosfy
"12/14/22, 12:06 PM",http://www.linkedin.com/jobs/view/3396583964,Associate Product Manager,Tikdin - Break into Tech
"12/3/22, 2:15 PM",http://www.linkedin.com/jobs/view/3385044652,"Engineering Product Management Intern, Data Platform",Chime
"2/13/23, 12:57 PM",http://www.linkedin.com/jobs/view/3481584567,Product Management Internship,Lucid Software
"3/9/23, 7:37 AM",http://www.linkedin.com/jobs/view/3515741378,"Walt Disney Imagineering, Graduate AI Business Planning & Commercialization Intern, Summer 2023",Walt Disney Imagineering
"6/1/23, 7:29 PM",http://www.linkedin.com/jobs/view/3588833408,Influencer Marketing Intern,Atmosfy
"2/5/23, 11:05 AM",http://www.linkedin.com/jobs/view/3452299723,Product Internship - Summer 2023 (Full Time),Candy Digital
"6/3/23, 6:42 AM",http://www.linkedin.com/jobs/view/3572725195,Intern Software Engineer,Internet Brands
"6/1/23, 7:35 PM",http://www.linkedin.com/jobs/view/3623464748,"2023 Summer Intern, Valuation & Advisory, Los Angeles",Cushman & Wakefield
"6/1/23, 7:34 PM",http://www.linkedin.com/jobs/view/3623467132,Intern,Cushman & Wakefield
"2/23/23, 7:54 AM",http://www.linkedin.com/jobs/view/3464629995,Product Management Specialist (Intern) United States,Cisco
"6/1/23, 7:31 PM",http://www.linkedin.com/jobs/view/3610597992,Project Management Intern,PathMatch
"5/6/23, 1:39 PM",http://www.linkedin.com/jobs/view/3439664268,UGC Content Creator,Sapphire Studios 
"5/6/23, 1:31 PM",http://www.linkedin.com/jobs/view/3594897947,Product Management Intern,Canaria
"12/7/22, 6:05 PM",http://www.linkedin.com/jobs/view/3386292013,Deutsche Bank Quantitative Internship Programme - New York - 2023,Deutsche Bank
"6/3/23, 6:42 AM",http://www.linkedin.com/jobs/view/3615669733,Software Development-Undergraduate Intern,Intel Corporation
"2/3/23, 1:49 PM",http://www.linkedin.com/jobs/view/3464281666,"Software Product Management Intern, Summer 2023",Walt Disney Imagineering
"12/2/22, 8:20 AM",http://www.linkedin.com/jobs/view/3341259224,No-Code Product Manager (independent contractor),Airdev
"6/1/23, 7:38 PM",http://www.linkedin.com/jobs/view/3622803708,"Summer Intern, Corporate Communications ",SHEIN Technology LLC
"11/15/22, 9:59 PM",http://www.linkedin.com/jobs/view/3361551159,"Intern, Product Management",Samsung Electronics America
"1/22/23, 1:18 PM",http://www.linkedin.com/jobs/view/3447265010,"Engineering Product Management Intern, Data Platform",Chime
"1/2/23, 3:42 PM",http://www.linkedin.com/jobs/view/3420171741,Identity Product Management Intern,Telesign
"12/2/22, 8:22 AM",http://www.linkedin.com/jobs/view/3342192992,Product Lead,Launch Consulting Group
"3/4/23, 5:03 PM",http://www.linkedin.com/jobs/view/3511627957,2023 Product Management Analyst Intern,Five9
"6/3/23, 6:43 AM",http://www.linkedin.com/jobs/view/3622775645,Intern,Alliant Insurance Services
"6/3/23, 6:39 AM",http://www.linkedin.com/jobs/view/3477145173,"Technical Projects, Applications, Service, & Sales Engineering Internship (Fall 2023)",Tesla
"6/1/23, 7:37 PM",http://www.linkedin.com/jobs/view/3617086026,Intern: Purchasing Development (Summer 2023),Volvo Construction Equipment
"12/16/22, 1:49 PM",http://www.linkedin.com/jobs/view/3395308757,2023 Intern - Adobe Marketo Engage Product Manager,Adobe
"6/1/23, 7:34 PM",http://www.linkedin.com/jobs/view/3619510698,Product Management Intern,PathMatch
"2/23/23, 2:21 PM",http://www.linkedin.com/jobs/view/3497809752,Product Management Intern,Pluralsight
"6/3/23, 6:42 AM",http://www.linkedin.com/jobs/view/3575291102,"Demand Gen Intern, Fall 2023",Snowflake
"2/5/23, 11:04 AM",http://www.linkedin.com/jobs/view/3470151160,"2023 Wells Fargo Strategy, Digital & Innovation Summer Internship Program",Wells Fargo
"12/2/22, 8:19 AM",http://www.linkedin.com/jobs/view/3341826644,Product Manager Intern,Oracle
"11/18/22, 1:43 PM",http://www.linkedin.com/jobs/view/3359170346,2023 Online Product Management Intern - eCommerce,Zoom
"1/9/23, 2:41 PM",http://www.linkedin.com/jobs/view/3185304120,Start Intern - Summer 2023,PwC
"6/1/23, 7:31 PM",http://www.linkedin.com/jobs/view/3612591587,Start-Up Internship Program Management Intern,Empowerly
"2/18/23, 11:54 AM",http://www.linkedin.com/jobs/view/3457467883,Product Manager Intern,Skydio
"11/10/22, 4:16 AM",http://www.linkedin.com/jobs/view/3347499692,Product Management Intern (Remote),Windstream
"5/30/23, 3:00 PM",http://www.linkedin.com/jobs/view/3610775557,"Summer Intern, 2023",Fortune
"12/19/22, 10:30 PM",http://www.linkedin.com/jobs/view/3407008526,R&D Operations Technical Program Management Intern (Summer '23),Addepar
"3/17/23, 9:45 PM",http://www.linkedin.com/jobs/view/3178551015,Get Connected: Product Management Roles for Apple Services,Apple
"2/21/23, 1:19 AM",http://www.linkedin.com/jobs/view/3428028784,"Product Management, Mobile Intern",2K
"2/26/23, 1:13 PM",http://www.linkedin.com/jobs/view/3497808990,Project Management Intern,Pluralsight
"5/2/23, 8:39 PM",http://www.linkedin.com/jobs/view/3595591189,Product Manager Intern ('23),Tinder
"2/5/23, 11:05 AM",http://www.linkedin.com/jobs/view/3446527049,Product Management Summer 2023 Internship,Motorola Solutions
"1/12/23, 7:27 AM",http://www.linkedin.com/jobs/view/3384425752,"Associate Product Manager, 2023 U.S. Graduate",Atlassian
"2/26/23, 10:22 AM",http://www.linkedin.com/jobs/view/3493033276,Product Management Intern,PathMatch
"2/5/23, 11:04 AM",http://www.linkedin.com/jobs/view/3450571252,Summer 2023 Technology Product Management Intern,T-Mobile
"1/12/23, 7:35 AM",http://www.linkedin.com/jobs/view/3044329489,Product Manager I,"Solera, Inc."
"5/31/23, 6:35 AM",http://www.linkedin.com/jobs/view/3604786824,Associate Product Manager Intern,"Alamar Biosciences, Inc."
"2/12/23, 2:12 PM",http://www.linkedin.com/jobs/view/3474701563,Product Management Intern,PathMatch
"3/1/23, 7:00 PM",http://www.linkedin.com/jobs/view/3507415623,Solution Consultant Intern,DocuSign
"6/3/23, 6:42 AM",http://www.linkedin.com/jobs/view/3570330691,Intern,International Trademark Association (INTA)
"2/24/23, 2:56 PM",http://www.linkedin.com/jobs/view/3497818157,Product Management Intern,Atmosfy
"4/29/23, 2:31 PM",http://www.linkedin.com/jobs/view/3578555573,Industry Go-To-Market Retail & CPG Intern,Snowflake
"12/7/22, 2:26 PM",http://www.linkedin.com/jobs/view/3390386993,Product Management Intern,DriveTime
"12/11/22, 11:46 AM",http://www.linkedin.com/jobs/view/3361839814,Interns- Product Management,Oracle
"6/1/23, 7:38 PM",http://www.linkedin.com/jobs/view/3621816480,SAP iXp Intern - Branding and Creative Communications,SAP
"6/1/23, 7:35 PM",http://www.linkedin.com/jobs/view/3611772370,"Intern, Research and Insights (Summer and Fall)",Pilot44
"3/13/23, 4:58 PM",http://www.linkedin.com/jobs/view/3490197845,Product Management Specialist (Intern) United States,Cisco
"6/1/23, 7:38 PM",http://www.linkedin.com/jobs/view/3617809250,Engineering Intern,West Yost
"2/5/23, 11:06 AM",http://www.linkedin.com/jobs/view/3456438258,2023 Summer Intern: Innovation & Automation Intern (Product Manager/Automation Engineer Intern),Walmart
"12/25/22, 4:15 PM",http://www.linkedin.com/jobs/view/3405488310,Product Management Summer 2023 Intern,Iron Mountain
"2/23/23, 5:24 PM",http://www.linkedin.com/jobs/view/3427071532,"Intern, Fusion Product Manager",Autodesk
"12/16/22, 1:46 PM",http://www.linkedin.com/jobs/view/3395660790,"Associate Product Manager, 2023 U.S. Summer Intern",Atlassian
"2/7/23, 7:36 AM",http://www.linkedin.com/jobs/view/3422026460,Product Management Intern,CLEAR (clearme.com)
"6/1/23, 7:36 PM",http://www.linkedin.com/jobs/view/3619501955,"Discovery Technology Intern, Phenotypic Screening",Plexium
"2/12/23, 9:41 PM",http://www.linkedin.com/jobs/view/3476975785,Program Manager Intern – Customer Success,Intuit
"5/3/23, 6:54 PM",http://www.linkedin.com/jobs/view/3596390601,Product Management Intern- Remote,Brightly
"6/1/23, 7:35 PM",http://www.linkedin.com/jobs/view/3622805721,Web Producer Intern- Integrated Marketing,thredUP
"2/5/23, 11:05 AM",http://www.linkedin.com/jobs/view/3456559321,American Express Campus Undergraduate – 2023 Kabbage UX Summer Internship,American Express
"6/3/23, 6:39 AM",http://www.linkedin.com/jobs/view/3596357888,Project Management and Support Intern,ENGIE North America Inc.
"3/4/23, 5:02 PM",http://www.linkedin.com/jobs/view/3504847849,Product Success Intern,ServiceNow
"12/8/22, 8:08 AM",http://www.linkedin.com/jobs/view/3390401166,Venture Fellow,EduLab Capital Partners
"6/1/23, 7:36 PM",http://www.linkedin.com/jobs/view/3624300076,Intern - Summer 2024 - Central Washington,CLA (CliftonLarsonAllen)
"5/18/23, 7:00 AM",http://www.linkedin.com/jobs/view/3557983161,Product Intern (Summer 2023),Rocket Lawyer
"11/17/22, 2:16 PM",http://www.linkedin.com/jobs/view/3364503896,Product Management Intern,Yahoo
"6/3/23, 6:41 AM",http://www.linkedin.com/jobs/view/3622791676,Finance Intern/Co-Op (Undergraduate),Kenvue
"1/25/23, 3:10 PM",http://www.linkedin.com/jobs/view/3439948554,"IT Associate Product Manager Intern, Summer 2023 U.S.",Atlassian
"1/12/23, 7:35 AM",http://www.linkedin.com/jobs/view/3422790365,Product Manager (Vice President)-Digital Innovation,JPMorgan Chase & Co.
"11/13/22, 11:20 PM",http://www.linkedin.com/jobs/view/3345820590,"Associate Product Manager, 2023 U.S. Summer Intern",Atlassian
"6/1/23, 7:35 PM",http://www.linkedin.com/jobs/view/3623442911,Business Development Operations Analyst Internship,Palantir Technologies
"12/19/22, 10:32 PM",http://www.linkedin.com/jobs/view/3375510101,Product Management Intern for WSS Managed Services Insights,HP
"2/7/23, 6:56 AM",http://www.linkedin.com/jobs/view/3466809183,Product Management Intern,"Reddit, Inc."
"12/19/22, 10:32 PM",http://www.linkedin.com/jobs/view/3357033012,"Intern, Product Management",Autodesk
"2/26/23, 10:22 AM",http://www.linkedin.com/jobs/view/3499259162,Product Management Summer Intern,LexisNexis Risk Solutions
"11/18/22, 1:44 PM",http://www.linkedin.com/jobs/view/3271154727,Product Management Intern (Summer 2023),Roblox
"5/2/23, 1:47 PM",http://www.linkedin.com/jobs/view/3595443841,Investment Intern (Remote),Aquila Capital Partners
"3/12/23, 3:25 PM",http://www.linkedin.com/jobs/view/3524864458,Data Product Strategy Intern,MyDataProduct
"12/5/22, 6:00 PM",http://www.linkedin.com/jobs/view/3371388955,Technology Team Internship- Product Manager,SKIMS
"12/2/22, 8:19 AM",http://www.linkedin.com/jobs/view/3345576311,Product Management Internship,"Coalition, Inc."
"11/16/22, 7:31 AM",http://www.linkedin.com/jobs/view/3362588493,Product Management Intern - Ads Data Products,Yahoo
"3/2/23, 8:32 AM",http://www.linkedin.com/jobs/view/3492116297,Strategy & Transformation Intern,Casper
"6/3/23, 6:41 AM",http://www.linkedin.com/jobs/view/3564079340,Product Management Intern,Complete Genomics Inc.
"6/1/23, 7:37 PM",http://www.linkedin.com/jobs/view/3609446518,Business & Marketing Intern - Immediate Hire,BRICK
"2/5/23, 11:04 AM",http://www.linkedin.com/jobs/view/3450572143,Summer 2023 T-Mobile Accelerator Intern,T-Mobile
"2/8/23, 1:29 PM",http://www.linkedin.com/jobs/view/3472651473,Product Management Intern,Wizehire
"12/16/22, 1:46 PM",http://www.linkedin.com/jobs/view/3396961689,"Growth Program Management Intern – Payments, Ecommerce - Summer 2023 (Remote)",CrowdStrike
"11/18/22, 1:43 PM",http://www.linkedin.com/jobs/view/3332174533,Product Management Intern,PlayStation
"2/21/23, 1:19 AM",http://www.linkedin.com/jobs/view/3483744170,2023 Summer Product Intern,Wunderman Thompson
"2/8/23, 7:22 PM",http://www.linkedin.com/jobs/view/3383236185,"Staff Product Manager, Creator Marketplace","Reddit, Inc."
"12/14/22, 2:17 PM",http://www.linkedin.com/jobs/view/3400476982,Product Management Intern - Marketing Enablement,Yahoo
"11/18/22, 1:46 PM",http://www.linkedin.com/jobs/view/3332087038,2023 Intern - Product Manager,Adobe
"1/22/23, 8:20 AM",http://www.linkedin.com/jobs/view/3447825710,Investment Analyst - Web3 Educational Program/Internship,3x Capital
"5/21/23, 9:51 AM",http://www.linkedin.com/jobs/view/3611435282,Unpaid Product Manager Intern,Stealth Startup
"12/1/22, 7:20 AM",http://www.linkedin.com/jobs/view/3380735175,"Intern, Product/Project Management - Undergrad - Multiple Locations - Summer 2023",Visa
"11/16/22, 7:30 AM",http://www.linkedin.com/jobs/view/3361912913,"Product Manager Intern, Search",Yahoo
"12/20/22, 3:11 PM",http://www.linkedin.com/jobs/view/3375511079,Product Management Intern for WSS Managed Services Insights,HP
"12/19/22, 10:31 PM",http://www.linkedin.com/jobs/view/3407004627,Product Manager Intern (Summer 2023),Electronic Arts (EA)
"12/19/22, 10:31 PM",http://www.linkedin.com/jobs/view/3407008342,Product Manager Intern (Summer 2023),Electronic Arts (EA)
"6/1/23, 7:38 PM",http://www.linkedin.com/jobs/view/3618069996,Engineering/Manufacturing Intern,Leidos
"12/6/22, 8:54 AM",http://www.linkedin.com/jobs/view/3349585564,Product Management Specialist (Intern) United States,Cisco
"2/8/23, 4:13 PM",http://www.linkedin.com/jobs/view/3445396755,Product Management Intern - Trading (Summer '23),Addepar
"6/2/23, 2:14 PM",http://www.linkedin.com/jobs/view/3614963302,Direct-To-Consumer (Peacock & Fandango) Technology Internships – Academic Year,Fandango
"12/2/22, 8:20 AM",http://www.linkedin.com/jobs/view/3360549165,Design Development Program Intern - Summer 2023,Capital One
"12/1/22, 7:20 AM",http://www.linkedin.com/jobs/view/3375311248,Product Management Intern,PlayStation
"12/7/22, 7:14 PM",http://www.linkedin.com/jobs/view/3297244361,"NAM Commercial Banking, Summer Analyst - Dallas (2023)",Citi
"6/1/23, 7:35 PM",http://www.linkedin.com/jobs/view/3624868087,Sustainability Intern,APTIM
"2/8/23, 4:16 PM",http://www.linkedin.com/jobs/view/3464995123,"Product Marketing Intern, 2023 Summer U.S.",Atlassian
"3/24/23, 8:08 PM",http://www.linkedin.com/jobs/view/3518228548,"2023 Summer Intern, Growth Business Strategy & Operations",Andreessen Horowitz
"1/30/23, 4:43 PM",http://www.linkedin.com/jobs/view/3456853619,Product Management Intern,"Reddit, Inc."
"2/23/23, 5:23 PM",http://www.linkedin.com/jobs/view/3445399532,Product Management Intern - Trading (Summer '23),Addepar
"5/11/23, 12:19 AM",http://www.linkedin.com/jobs/view/3599352983,Blog Writer,Procyon
"2/13/23, 12:57 PM",http://www.linkedin.com/jobs/view/3470504801,Product Manager Intern - Summer 2023,BetterSleep by Ipnos
"6/1/23, 7:30 PM",http://www.linkedin.com/jobs/view/3594340497,Project Management Intern,Atmosfy
"12/10/22, 9:32 PM",http://www.linkedin.com/jobs/view/3384483145,"Associate Customer Success Intern, 2023 Summer U.S.",Atlassian
"4/28/23, 11:10 AM",http://www.linkedin.com/jobs/view/3584258122,VC Intern,Growth Warrior Capital
"6/3/23, 6:41 AM",http://www.linkedin.com/jobs/view/3484026341,Strategic Initiatives Intern (Summer),ApolloMed
"6/1/23, 7:34 PM",http://www.linkedin.com/jobs/view/3618284665,Knowledge Management Intern,Ulteig
"2/8/23, 4:14 PM",http://www.linkedin.com/jobs/view/3445500394,Product Management Intern - Advisor & End-Clients (Summer '23),Addepar
"2/5/23, 11:07 AM",http://www.linkedin.com/jobs/view/3445196898,Product Management Intern (Summer 2023 Internship),Motorola Solutions
"12/8/22, 1:25 PM",http://www.linkedin.com/jobs/view/3384791013,Product Strategy Intern ,Code and Theory
"2/8/23, 4:14 PM",http://www.linkedin.com/jobs/view/3445502120,Product Management Intern - Trading (Summer '23),Addepar
"1/25/23, 3:18 PM",http://www.linkedin.com/jobs/view/3445399538,Product Management Intern - Advisor & End-Clients (Summer '23),Addepar
"2/22/23, 12:59 PM",http://www.linkedin.com/jobs/view/3491756666,Product Manager Intern,Vial
"12/20/22, 9:19 AM",http://www.linkedin.com/jobs/view/3401283361,"Products & Technology-Governance, Privacy & Ethics Intern-Summer 2023",PwC
"1/11/23, 10:36 AM",http://www.linkedin.com/jobs/view/3388584291,2023 Intern - Solution Consulting Analyst,Adobe
"11/16/22, 7:30 AM",http://www.linkedin.com/jobs/view/3361551158,"Intern, Product Manager",Samsung Electronics America
"11/18/22, 1:46 PM",http://www.linkedin.com/jobs/view/3241913326, Product Manager - Intern,Datadog
"6/1/23, 7:59 PM",http://www.linkedin.com/jobs/view/3556107610,Energy – Product Management Internship (Fall 2023),Tesla
"6/1/23, 7:37 PM",http://www.linkedin.com/jobs/view/3624197325,"Intern - Spring 2024 - Pasadena, CA",CLA (CliftonLarsonAllen)
"6/3/23, 6:38 AM",http://www.linkedin.com/jobs/view/3626007615,Software Engineer Internship | iOS,Ramp
"6/3/23, 6:39 AM",http://www.linkedin.com/jobs/view/3610014348,Demand Generation Intern,Ushur
"2/9/23, 1:09 PM",http://www.linkedin.com/jobs/view/3421210699,Product Ops/Management Intern,Seismic
"11/16/22, 7:31 AM",http://www.linkedin.com/jobs/view/3330254705,Remote Product Manager Intern,Tektronix
"2/15/23, 4:44 PM",http://www.linkedin.com/jobs/view/3475614602,"Product Management Intern, Gaming",Light & Wonder
"12/1/22, 9:11 AM",http://www.linkedin.com/jobs/view/3376596010,"Summer 2023 Internship - Intern, Product Management",Samsung Electronics America
"12/21/22, 12:37 AM",http://www.linkedin.com/jobs/view/3351956933,"Engineering Product Management Intern, Engineering Services",Chime
"11/18/22, 12:29 PM",http://www.linkedin.com/jobs/view/3360727158,Product Manager Intern – UNCF,Oracle
"5/14/23, 9:11 AM",http://www.linkedin.com/jobs/view/3602533938,Content Creator,Wade Marketing
"5/9/23, 9:59 AM",http://www.linkedin.com/jobs/view/3599762200,Tech Influencer,MeaVana 
"2/5/23, 11:07 AM",http://www.linkedin.com/jobs/view/3454267280,Product Management Summer 2023 Intern,U.S. News & World Report
"2/5/23, 11:06 AM",http://www.linkedin.com/jobs/view/3452829199,Product Management Internship (Summer),EBSCO Information Services
"2/7/23, 7:36 AM",http://www.linkedin.com/jobs/view/3443473959,Product Manager Intern (Summer 2023),Alteryx
"6/3/23, 6:39 AM",http://www.linkedin.com/jobs/view/3532036105,Social and Innovation Internship,FleishmanHillard
"12/16/22, 12:28 PM",http://www.linkedin.com/jobs/view/3399547156,Associate Product Manager,Tikdin - Break into Tech
"3/4/23, 5:02 PM",http://www.linkedin.com/jobs/view/3496083941,Product Manager (Summer Intern),Keyway
"12/7/22, 2:26 PM",http://www.linkedin.com/jobs/view/3390388915,Product Management Intern - Marketing Enablement,Yahoo
"12/16/22, 1:52 PM",http://www.linkedin.com/jobs/view/3397913761,"2023 Intern - Product Manager, Applied Data & Analytics",Adobe
"2/17/23, 2:56 PM",http://www.linkedin.com/jobs/view/3487932536,Product Management Intern,Precisely
"4/2/23, 10:13 PM",http://www.linkedin.com/jobs/view/3554567890,Data Product Strategy Intern,MyDataProduct
"5/11/23, 12:20 AM",http://www.linkedin.com/jobs/view/3570870017,Content Writer,Reframe
"6/1/23, 7:28 PM",http://www.linkedin.com/jobs/view/3599231729,Content Creator,Atmosfy
"6/3/23, 6:42 AM",http://www.linkedin.com/jobs/view/3602488519,"Intern, Event Experience",SHRM
"12/4/22, 2:41 PM",http://www.linkedin.com/jobs/view/3384962748,Product Management Intern for WSS Managed Services Insights,HP
"3/5/23, 6:03 PM",http://www.linkedin.com/jobs/view/3503831557,Summer 2023 Internship--User Experience (UX) Research,The Trevor Project
"12/12/22, 5:23 PM",http://www.linkedin.com/jobs/view/3385462666,"Summer 2023 Intern - Solution Engineering, Public Sector",Salesforce
"12/16/22, 1:47 PM",http://www.linkedin.com/jobs/view/3396261626,Technology Consulting Intern - Summer 2024 - Women's Consulting Experience,PwC
"6/3/23, 6:41 AM",http://www.linkedin.com/jobs/view/3602714130,Engineering Program Management Intern [Fall 2023],Zipline
